name	mu_p	mu_d	d1	d2	d3	d4	d5	p1	p2	p3	p4	p6	t1	t2
MoS2	-1.36700	0.62198	0.20933	-0.32600	0.03672	-0.02389	0.02699	0.63741	0.17775	0.63298	-0.08625	-0.27196	0.53014 	-0.08643
