name	mu_p	mu_d	d1	d2	d3	d4	d5	p1	p2	p3	p4	p6	t1	t2
MoSe2	-1.29397	0.51532	0.45815	-0.20800	0.09843	-0.05272	0.09275	0.63585	0.15681	0.10656	-0.04924	-0.00158	-0.80408	0.06020
