name	mu_p	mu_d	d1	d2	d3	d4	d5	p1	p2	p3	p4	p6	t1	t2
MoTe2	-1.63377	0.01866	0.28077	-0.21897	0.11990	-0.02540	0	1.17008	0.42850	0.03297	-0.14288	0	0.88162	-0.02258
