name	mu_p	mu_d	d1	d2	d3	d4	d5	p1	p2	p3	p4	p6	t1	t2
WS2	-1.35183	0.63848	0.23062	-0.32906	0.03482	-0.04138	0.01661	0.64428	0.12264	0.65028	-0.07014	-0.28547	0.49754	-0.04101
