name	mu_p	mu_d	d1	d2	d3	d4	d5	p1	p2	p3	p4	p6	t1	t2
WSe2	-1.35362	0.61482	0.27092	-0.33119	0.02467	-0.03680	0	0.67497	0.15501	0.62199	-0.07087	-0.27381	0.50758	-0.11648
