name	mu_p	mu_d	d1	d2	d3	d4	d5	p1	p2	p3	p4	p6	t1	t2
WTe2	-1.66528	0.22665	0.44406	-0.18865	0.05731	-0.13324	0	1.03803	0.34827	0.17243	-0.00154	0	0.99303	-0.03319
